Chemotype ID	Data Table	Chemotype Label	Total Chemotypes	True Positives	False Positives	False Negatives	True Negatives	Balanced Accuracy	Odds Ratio	P-Value	Inverse Odds Ratio	Inverse P-Value
Txp-135	Imported_DataTable:KATIEA_APCRA_FINAL_2_20181213	bond:CS_sulfide	53.0	15.0	38.0	33.0	359.0	0.608391	4.29426	0.000112691	0.232869	0.999976
Txp-238	Imported_DataTable:KATIEA_APCRA_FINAL_2_20181213	bond:P=O_phosphate_thio	3.0	3.0	0.0	45.0	397.0	0.53125	100000000.0	0.00118563	0.0	1.0
Txp-252	Imported_DataTable:KATIEA_APCRA_FINAL_2_20181213	bond:P=O_phosphorus_oxo	18.0	12.0	6.0	36.0	391.0	0.617443	21.7222	7.37465e-09	0.0460358	1.0
Txp-259	Imported_DataTable:KATIEA_APCRA_FINAL_2_20181213	bond:P~N_generic	5.0	4.0	1.0	44.0	396.0	0.540407	36.0	0.000555372	0.0277778	0.999988
Txp-260	Imported_DataTable:KATIEA_APCRA_FINAL_2_20181213	bond:P~S_generic	27.0	13.0	14.0	35.0	383.0	0.617784	10.1612	3.54016e-07	0.0984133	1.0
Txp-33	Imported_DataTable:KATIEA_APCRA_FINAL_2_20181213	bond:C(=O)N_carbamate	20.0	6.0	14.0	42.0	383.0	0.544868	3.90816	0.0137786	0.255875	0.997135
Chemotype Full Model Coverage	CT-Enriched_FP_KATIEA_APCRA_FINAL_2_20181213	Txp-135 Txp-238 Txp-252 Txp-259 Txp-260 Txp-33	87.0	24.0	63.0	24.0	334.0	0.670654911838791	5.301587301587301	3.9034127035705577e-07	0.18862275449101795	0.9999999309241336
